{
    "totalResults": 10,
    "data": [
      {
        "_id": "668957b612e7174fd837f7e4",
        "slug": "ebc883fc-d168-4a64-9305-ce1e061e3c4d",
        "title": "C 1",
        "chatHistory": [
          {
            "_id": "6689583712e7174fd837f8be",
            "user_query": "hey",
            "model_response": "Hey there! What's up? \n"
          }
        ],
        "createdAt": "2024-07-07T03:38:08.112Z",
        "updatedAt": "2024-07-07T03:38:08.112Z"
      },
      {
        "_id": "6689583912e7174fd837f8c8",
        "slug": "896bb6bd-ed6b-4017-98f7-d4f6b9493862",
        "title": "C 2",
        "chatHistory": [
          {
            "_id": "6689585012e7174fd837f8fd",
            "user_query": "C 1",
            "model_response": "It appears you're asking for the C programming language. \n\nTo use the C language effectively, you need a compiler and a text editor. Here's a breakdown of the steps:\n\n**1. Choose a Compiler:**\n\n* **GCC (GNU Compiler Collection):**  The most common compiler for C, available on Linux, macOS, and Windows. It's free and powerful.\n* **Clang:**  Another excellent compiler, also free and open source. Known for its faster compilation times and better error messages.\n* **Visual Studio:** A paid integrated development environment (IDE) for Windows, offering a comprehensive suite of tools for C programming.\n\n**2. Choose a Text Editor:**\n\n* **Visual Studio Code (VS Code):** A popular, free, and cross-platform code editor. It's highly customizable and supports many programming languages.\n* **Sublime Text:** A lightweight and fast code editor, known for its speed and extensive customization options.\n* **Notepad++:** A free and powerful text editor for Windows, offering syntax highlighting and other helpful features for C programming.\n\n**3. Setting Up Your Environment:**\n\n**For GCC (Linux/macOS):**\n\n* **Install GCC:** \n   * **Linux:** Use your distribution's package manager (e.g., `sudo apt install gcc` on Ubuntu/Debian).\n   * **macOS:** Use Homebrew (`brew install gcc`).\n\n* **Create a C file:**  Use your chosen text editor to create a new file with a `.c` extension (e.g., `myprogram.c`).\n\n* **Compile and run:**\n   * Open a terminal in the directory containing your C file.\n   * Compile: `gcc myprogram.c -o myprogram` \n   * Run: `./myprogram`\n\n**For Clang (Linux/macOS):**\n\n* **Install Clang:**\n   * **Linux:** Use your distribution's package manager (e.g., `sudo apt install clang`).\n   * **macOS:** Use Homebrew (`brew install clang`).\n\n* **Compile and run:** The commands are similar to GCC. \n\n**For Visual Studio (Windows):**\n\n1. Download and install Visual Studio from the official website.\n2. Create a new C++ project in Visual Studio (C# is a different language).\n3. Write your code in the provided editor.\n4. Build and run the project using the Visual Studio interface.\n\n**Example C Program (Hello World):**\n\n```c\n#include <stdio.h>\n\nint main() {\n   printf(\"Hello, world!\\n\");\n   return 0;\n}\n```\n\n**Key Concepts:**\n\n* **#include <stdio.h>:** Includes the standard input/output library, providing functions like `printf`.\n* **int main():** The entry point of your C program. Execution begins here.\n* **printf(\"Hello, world!\\n\");:** Prints the message \"Hello, world!\" to the console.\n* **return 0;:**  Indicates that the program executed successfully.\n\n**Let me know if you'd like help with specific tasks or concepts in C programming.** \n"
          }
        ],
        "createdAt": "2024-07-07T03:38:08.112Z",
        "updatedAt": "2024-07-07T03:38:08.112Z"
      },
      {
        "_id": "6689585f12e7174fd837f90b",
        "slug": "61f218db-e925-4562-b042-3bad08a4e69d",
        "title": "C 3",
        "chatHistory": [
          {
            "_id": "6689586e12e7174fd837f94e",
            "user_query": "hey",
            "model_response": "Hey! What's up? \n"
          }
        ],
        "createdAt": "2024-07-07T03:38:08.113Z",
        "updatedAt": "2024-07-07T03:38:08.113Z"
      },
      {
        "_id": "6689587112e7174fd837f960",
        "slug": "0452765b-e4a0-4a80-ba7b-62aa1a00044e",
        "title": "C 4",
        "chatHistory": [
          {
            "_id": "6689589212e7174fd837f9d5",
            "user_query": "hey",
            "model_response": "Hey! What's up? \n"
          }
        ],
        "createdAt": "2024-07-07T03:38:08.113Z",
        "updatedAt": "2024-07-07T03:38:08.113Z"
      },
      {
        "_id": "6689589312e7174fd837f9eb",
        "slug": "bef000d5-04e9-4f5e-883a-eac9387f03e6",
        "title": "C 5",
        "chatHistory": [
          {
            "_id": "6689589e12e7174fd837fa56",
            "user_query": "hey",
            "model_response": "Hey! How can I help you today? \n"
          }
        ],
        "createdAt": "2024-07-07T03:38:08.113Z",
        "updatedAt": "2024-07-07T03:38:08.113Z"
      }
    ]
  }